frame,primary_activation,secondary_activation,combined_activation
1,0.0,0.0,0.0
2,0.0,0.0,0.0
3,0.0,0.0,0.0
4,0.0,0.0,0.0
5,0.0,0.0,0.0
6,0.0,0.0,0.0
7,0.0,0.0,0.0
8,0.0,0.0,0.0
9,0.0,0.0,0.0
10,0.0,0.0,0.0
11,0.0,0.0,0.0
12,3.288608899046096e-195,0.0,3.288608899046096e-195
13,1.2307523966484345e-38,0.0,1.2307523966484345e-38
14,1.3945042904317744e-13,0.0,1.3945042904317744e-13
15,3.6039473136810335e-6,0.0,3.6039473136810335e-6
16,0.0026538712764349504,0.0,0.0026538712764349504
17,0.049163761165422606,0.0,0.049163761165422606
18,0.19643692947970962,0.0,0.19643692947970962
19,0.38697547160243423,0.0,0.38697547160243423
20,0.5393052990821552,0.0,0.5393052990821552
21,0.6286000480795207,0.0,0.6286000480795207
22,0.666994309414399,0.0,0.666994309414399
23,0.6744942360094224,0.0,0.6744942360094224
24,0.666628151414968,0.0,0.666628151414968
25,0.6519141776514873,0.0,0.6519141776514873
26,0.6340986177384034,0.0,0.6340986177384034
27,0.6145920062326302,0.0,0.6145920062326302
28,0.5941919924863546,0.0,0.5941919924863546
29,0.5739579966514285,0.0,0.5739579966514285
30,0.555360102187091,0.0,0.555360102187091
31,0.5399636386134902,0.0,0.5399636386134902
32,0.5289769722145751,0.0,0.5289769722145751
33,0.5229319190897231,0.0,0.5229319190897231
34,0.5216117881507732,0.0,0.5216117881507732
35,0.5241960010915413,0.0,0.5241960010915413
36,0.529521716308502,0.0,0.529521716308502
37,0.5363610974821453,0.0,0.5363610974821453
38,0.543639239306962,0.0,0.543639239306962
39,0.5505530309894494,0.0,0.5505530309894494
40,0.5565899750695208,0.0,0.5565899750695208
41,0.561477833498544,0.0,0.561477833498544
42,0.5651083482378867,0.0,0.5651083482378867
43,0.5674695150812373,0.0,0.5674695150812373
44,0.5686018335342987,0.0,0.5686018335342987
45,0.568577547631068,0.0,0.568577547631068
46,0.5674942144827615,3.001853353923191e-98,0.5674942144827615
47,0.5654737524080798,6.32901647737313e-41,0.5654737524080798
48,0.5626613107380418,5.389208603715487e-20,0.5626613107380418
49,0.5592216137337093,2.0614958079297044e-10,0.5592216139398588
50,0.5553325552609792,1.6494273996149217e-5,0.5553490495349754
51,0.5511767951703415,0.006478413500689677,0.5576552086710311
52,0.5469324108461048,0.12994390123697577,0.6768763120830805
53,0.5427636780518386,0.41172056704313126,0.9544842450949698
54,0.538812965622035,0.3910192948852423,0.9298322605072773
55,0.5351945564141636,0.28508157082195174,0.8202761272361153
56,0.5319909443428228,0.4074702934385253,0.939461237781348
57,0.5292518234455329,0.4257890610490482,0.955040884494581
58,0.5269956341278007,0.23101916954710772,0.7580148036749084
59,0.5252132307596172,0.06832235781104687,0.5935355885706641
60,0.5238730358856242,0.012279132815638756,0.5361521687012629
61,0.5229269716612387,0.0015936830927087827,0.5245206547539475
62,0.5223164997850706,0.00019511151128255385,0.5225116112963532
63,0.5219782259848914,3.260718166280557e-5,0.5220108331665542
64,0.5218486933575278,1.1337185262335131e-5,0.5218600305427902
65,0.521868162055333,1.153949738546164e-5,0.5218797015527185
66,0.5219833224616246,3.732376775040163e-5,0.522020646229375
67,0.522148999802609,0.00028722014457327716,0.5224362199471823
68,0.5223289770487218,0.0029674614324906607,0.5252964384812125
69,0.5224960955745622,0.023127226147753425,0.5456233217223156
70,0.5226317992151602,0.09888496602785635,0.6215167652430166
71,0.5227252773519231,0.23027646348906325,0.7530017408409864
72,0.5227723448123002,0.34641983325609316,0.8691921780683933
73,0.5227741761706172,0.4069099367169506,0.9296841128875677
74,0.5227359923621717,0.4230624487261293,0.945798441088301
75,0.5226657793572169,0.40939682358097856,0.9320626029381955
76,0.5225731019364572,0.3664156827791857,0.8889887847156429
77,0.5224680599620449,0.29052586290033205,0.812993922862377
78,0.5223604196203661,0.19090389708914865,0.7132643167095147
79,0.5222589378711621,0.09554704356343593,0.617805981434598
80,0.5221708850127232,0.03284718238060891,0.5550180673933321
81,0.5221017583152544,0.0068067624413855965,0.52890852075664
82,0.5220551696091734,0.0007147622810388557,0.5227699318902123
83,0.5220328820045956,2.9831963295484886e-5,0.5220627139678912
84,0.5220349658542144,3.46538456354335e-7,0.5220353123926708
85,0.522060041713241,6.483551554486733e-10,0.5220600423615962
86,0.5221055782166157,8.100769482377186e-14,0.5221055782166968
87,0.522168215098995,1.5156143479039433e-19,0.522168215098995
88,0.5222440855043665,2.8282208020965964e-28,0.5222440855043665
89,0.5223291166873537,2.5562308506155373e-42,0.5223291166873537
90,0.52241929363082,9.423065819301391e-67,0.52241929363082
91,0.5225108755002716,1.2166072706695357e-114,0.5225108755002716
92,0.5226005598397103,2.1279227707453582e-229,0.5226005598397103
93,0.5226855937209812,0.0,0.5226855937209812
94,0.5227638345401898,0.0,0.5227638345401898
95,0.5228337657593871,0.0,0.5228337657593871
96,0.5228944746429665,0.0,0.5228944746429665
97,0.5229456000116107,0.0,0.5229456000116107
98,0.5229872583385897,0.0,0.5229872583385897
99,0.5230199562654139,0.0,0.5230199562654139
100,0.5230444969409384,0.0,0.5230444969409384
101,0.5230618866116872,0.0,0.5230618866116872
102,0.523073246723323,0.0,0.523073246723323
103,0.523079735534022,0.0,0.523079735534022
104,0.5230824819773612,0.0,0.5230824819773612
105,0.5230825333162508,0.0,0.5230825333162508
106,0.5230808170567478,0.0,0.5230808170567478
107,0.5230781166811417,0.0,0.5230781166811417
108,0.5230750600377233,0.0,0.5230750600377233
109,0.5230721186997558,0.0,0.5230721186997558
110,0.5230696162747888,0.0,0.5230696162747888
111,0.5230677434933235,0.0,0.5230677434933235
112,0.5230665779098066,1.4310295677074723e-142,0.5230665779098066
113,0.5230661061813675,1.1666655487237766e-71,0.5230661061813675
114,0.5230662471186823,2.493042752567586e-43,0.5230662471186823
115,0.523066873997776,3.9285734447634004e-29,0.523066873997776
116,0.5230678349514795,5.4999691873496096e-21,0.5230678349514795
117,0.5230689705981837,6.87739666718898e-16,0.5230689705981844
118,0.5230701283909888,1.6026645823199018e-12,0.5230701283925915
119,0.5230711734656134,3.176568401887007e-10,0.5230711737832702
120,0.5230719960182857,1.2388245381073387e-8,0.5230720084065311
121,0.5230725154476445,1.565151655455285e-7,0.52307267196281
122,0.5230726816454101,8.765944397815719e-7,0.5230735582398499
123,0.5230724739193725,2.6789130843962885e-6,0.5230751528324569
124,0.5230718980833845,5.173300041902554e-6,0.5230770713834264
125,0.523070982258219,7.0749416773401414e-6,0.5230780571998963
126,0.523069771901904,7.574924795315889e-6,0.5230773468266993
127,0.5230683245362706,7.009568353100965e-6,0.5230753341046237
128,0.5230667045662214,6.212315234843588e-6,0.5230729168814562
129,0.5230649785072775,5.847910701451503e-6,0.523070826417979
130,0.5230632108518789,6.422802739445077e-6,0.5230696336546183
131,0.5230614607222079,8.83064051115578e-6,0.5230702913627191
132,0.5230597793807834,1.573917881246184e-5,0.5230755185595959
133,0.5230582086036774,3.6178293878970555e-5,0.5230943868975563
134,0.5230567798668895,0.00010293750214167502,0.5231597173690311
135,0.5230555142553749,0.00033945752169542876,0.5233949717770703
136,0.523054422975996,0.0012013046704423213,0.5242557276464384
137,0.5230535083403074,0.004227758657188558,0.527281266997496
138,0.523052765078467,0.013835600865969383,0.5368883659444363
139,0.5230521818503666,0.03988112123456198,0.5629333030849286
140,0.5230517428321189,0.09720811201759241,0.6202598548497112
141,0.523051429273242,0.19463851761451684,0.7176899468877589
142,0.523051220940325,0.3139553520660609,0.8370065730063858
143,0.5230510973846983,0.4032138872874326,0.9262649846721309
144,0.5230510389932733,0.4120863495059017,0.9351373884991749
145,0.5230510278016516,0.34689449837096464,0.8699455261726162
146,0.5230510480664652,0.2792900176156776,0.8023410656821428
147,0.523051086608465,0.2849043506262454,0.8079554372347104
148,0.5230511329491245,0.3669115334190839,0.8899626663682084
149,0.5230511792714293,0.44066958264433076,0.9637207619157601
150,0.5230512202402302,0.41090505293585616,0.9339562731760864
151,0.5230512527190118,0.275554301102501,0.7986055538215128
152,0.5230512754192876,0.12579152462654106,0.6488428000458287
153,0.5230512885159293,0.03669331109229657,0.5597445996082259
154,0.5230512932574807,0.006296227835438915,0.5293475210929196
155,0.5230512915954172,0.0005680289725032153,0.5236193205679204
156,0.5230512858504459,2.2965965557931554e-5,0.5230742518160039
157,0.5230512784285569,3.261115245701254e-7,0.5230516045400815
158,0.5230512715939515,1.0954441223785804e-9,0.5230512726893956
159,0.523051267301296,4.5226168705928313e-13,0.5230512673017483
160,0.5230512670857344,7.694656290278627e-18,0.5230512670857344
161,0.523051272005846,8.198843150789605e-25,0.523051272005846
162,0.523051282632516,1.7057983842252528e-35,0.523051282632516
163,0.5230512990752461,6.399848175252432e-53,0.5230512990752461
164,0.5230513210367145,5.629379202422886e-84,0.5230513210367145
165,0.5230513478864937,3.8530487205923284e-147,0.5230513478864937
166,0.5230513787454641,6.872928400153221e-307,0.5230513787454641
167,0.5230514125731759,0.0,0.5230514125731759
168,0.5230514482520353,0.0,0.5230514482520353
169,0.5230514846633044,0.0,0.5230514846633044
170,0.5230515207514864,0.0,0.5230515207514864
171,0.5230515555749773,0.0,0.5230515555749773
172,0.5230515883421987,0.0,0.5230515883421987
173,0.5230516184333566,0.0,0.5230516184333566
174,0.5230516454089823,0.0,0.5230516454089823
175,0.5230516690068818,0.0,0.5230516690068818
176,0.5230516891296821,0.0,0.5230516891296821
177,0.5230517058252283,0.0,0.5230517058252283
178,0.523051719262222,0.0,0.523051719262222
179,0.5230517297032666,0.0,0.5230517297032666
180,0.5230517374773364,0.0,0.5230517374773364
181,0.5230517429533232,0.0,0.5230517429533232
182,0.5230517465159961,0.0,0.5230517465159961
183,0.5230517485452254,0.0,0.5230517485452254
184,0.5230517493992142,0.0,0.5230517493992142
185,0.5230517494018246,0.0,0.5230517494018246
186,0.523051748834021,0.0,0.523051748834021
187,0.5230517479292074,0.0,0.5230517479292074
188,0.5230517468719482,0.0,0.5230517468719482
189,0.5230517457995371,0.0,0.5230517457995371
190,0.5230517448058251,0.0,0.5230517448058251
191,0.5230517439466121,0.0,0.5230517439466121
192,0.523051743246038,0.0,0.523051743246038
193,0.5230517427034178,0.0,0.5230517427034178
194,0.5225470678968998,0.0,0.5225470678968998
195,0.5202972494397905,0.0,0.5202972494397905
196,0.5143625725725199,5.747500062537825e-123,0.5143625725725199
197,0.5023782798760487,1.30219220772828e-49,0.5023782798760487
198,0.48196760784825865,2.7040756977070535e-24,0.48196760784825865
199,0.4511864830902964,5.454464411874397e-13,0.45118648309084186
200,0.40888259591012255,3.354620868124267e-7,0.4088829313722094
